source_id,capabilities,inputs,state,auth,credential_refs,cost_usd,rate_limit,license,docs,documentation_checked_at,production_qualified
brave,web.search;document.search,domain;ip;company,CONNECTOR_IMPLEMENTED,secret-reference,BRAVE_SEARCH_API_KEY,UNKNOWN,UNKNOWN; provider response authoritative,UNKNOWN; operator review required,https://api-dashboard.search.brave.com/app/documentation/web-search/get-started,2026-10-03,NO
cloudflare_dns,domain.dns,domain,CONNECTOR_IMPLEMENTED,none,,0,UNKNOWN; provider response authoritative,UNKNOWN; operator review required,https://developers.cloudflare.com/1.1.1.1/encryption/dns-over-https/make-api-requests/dns-json/,2026-10-03,NO
companieshouse,company.registration,company,CONNECTOR_IMPLEMENTED,secret-reference,COMPANIES_HOUSE_API_KEY,0,600 requests/5 minutes; application quota,UNKNOWN; operator review required,https://developer-specs.company-information.service.gov.uk/companies-house-public-data-api/reference/company-profile/company-profile,2026-10-03,NO
crtsh,domain.certificates,domain,CONNECTOR_IMPLEMENTED,none,,0,UNKNOWN; provider response authoritative,UNKNOWN; operator review required,https://groups.google.com/g/crtsh/c/sCpRljHP4dw,2026-10-03,NO
dns,domain.dns,domain,CONNECTOR_IMPLEMENTED,none,,0,UNKNOWN; provider response authoritative,UNKNOWN; operator review required,https://developers.google.com/speed/public-dns/docs/doh/json,NOT_RECHECKED_THIS_CYCLE,NO
github,code.organization,company,CONNECTOR_IMPLEMENTED,optional-secret-reference,GITHUB_TOKEN,0,60 requests/hour without authentication; originating-IP quota,UNKNOWN; operator review required,https://docs.github.com/en/rest/orgs/orgs#get-an-organization,2026-10-03,NO
gleif,company.registration;company.lei,company,CONNECTOR_IMPLEMENTED,none,,0,UNKNOWN; provider response authoritative,CC0 for LEI data; API acceptable-use terms still apply,https://api.gleif.org/docs,2026-10-03,NO
greynoise,cti.indicator,ip,CONNECTOR_IMPLEMENTED,optional-secret-reference,GREYNOISE_API_KEY,UNKNOWN,UNKNOWN; provider response authoritative,UNKNOWN; operator review required,https://docs.greynoise.io/docs/community-api,NOT_RECHECKED_THIS_CYCLE,NO
internetdb,ip.exposure,ip,CONNECTOR_IMPLEMENTED,none,,0,UNKNOWN; provider response authoritative,UNKNOWN; operator review required,https://internetdb.shodan.io/,NOT_RECHECKED_THIS_CYCLE,NO
ipdata,ip.geolocation;ip.asn,ip,CONNECTOR_IMPLEMENTED,secret-reference,IPDATA_API_KEY,UNKNOWN,UNKNOWN; provider response authoritative,UNKNOWN; operator review required,https://docs.ipdata.co/,NOT_RECHECKED_THIS_CYCLE,NO
ipwhois,ip.geolocation;ip.asn,ip,CONNECTOR_IMPLEMENTED,none,,0,UNKNOWN; provider response authoritative,UNKNOWN; operator review required,https://ipwhois.io/documentation,NOT_RECHECKED_THIS_CYCLE,NO
opencorporates,company.registration,company,CONNECTOR_IMPLEMENTED,secret-reference,OPENCORPORATES_API_TOKEN,UNKNOWN,UNKNOWN; provider response authoritative,UNKNOWN; operator review required,https://api.opencorporates.com/documentation/API-Reference,2026-10-03,NO
rdap,domain.registration;ip.ownership,domain;ip,CONNECTOR_IMPLEMENTED,none,,0,UNKNOWN; provider response authoritative,UNKNOWN; operator review required,https://www.iana.org/assignments/rdap-dns/rdap-dns.xhtml,2026-10-03,NO
ripestat,ip.asn;ip.routing,ip,CONNECTOR_IMPLEMENTED,none,,0,UNKNOWN; provider response authoritative,UNKNOWN; operator review required,https://stat.ripe.net/docs/data-api/api-endpoints/network-info.html,2026-10-03,NO
searxng,web.search;document.search,domain;ip;company,CONNECTOR_IMPLEMENTED,loopback-configuration,SEARXNG_URL,0,UNKNOWN; provider response authoritative,UNKNOWN; operator review required,https://docs.searxng.org/dev/search_api.html,2026-10-03,NO
sec,company.filings;company.registration,company,CONNECTOR_IMPLEMENTED,secret-reference,SEC_USER_AGENT,0,10 requests/second across client machines,UNKNOWN; operator review required,https://www.sec.gov/search-filings/edgar-application-programming-interfaces,2026-10-03,NO
shodan,ip.exposure,ip,CONNECTOR_IMPLEMENTED,secret-reference,SHODAN_API_KEY,UNKNOWN,UNKNOWN; provider response authoritative,UNKNOWN; operator review required,https://developer.shodan.io/api,2026-10-03,NO
urlscan,web.index;ip.exposure,domain;ip,CONNECTOR_IMPLEMENTED,optional-secret-reference,URLSCAN_API_KEY,0,UNKNOWN; provider response authoritative,UNKNOWN; operator review required,https://urlscan.io/docs/api/,2026-10-03,NO
virustotal,cti.indicator,domain;ip,CONNECTOR_IMPLEMENTED,secret-reference,VIRUSTOTAL_API_KEY,UNKNOWN,"Public: 4 requests/minute, 500/day; licensed limits depend on plan",UNKNOWN; operator review required,https://docs.virustotal.com/reference/overview,2026-10-03,NO
wayback,web.archive,domain,CONNECTOR_IMPLEMENTED,none,,0,UNKNOWN; provider response authoritative,UNKNOWN; operator review required,https://github.com/internetarchive/wayback/tree/master/wayback-cdx-server,NOT_RECHECKED_THIS_CYCLE,NO
