requirement,backlog,observed_gap,code_paths,migration_impact,tests,evidence,status,blocker
R01,B01,"Verified current clone; historical SHA unavailable","docs/BLUEPRINT_DELIVERY.md",none,"git HEAD/branch/status","delivery manifest",implemented,"Historical object absent"
R09,B02,"Windows baseline harness issues","tests/test_capabilities.py;tests/test_bootstrap.py",none,"Python suite","python-regressions.log",fixture_verified,"Bash unavailable; Linux CI not executed"
R02/R04,B03,"IP plan over budget and unsupported families","employee/service.py;public/target-validation.js",none,"employee and browser fixtures","verification.json",fixture_verified,none
R02/R11,B04,"Golden cases and licenses need approval","source activation plan",none,"Not run",none,blocked,"Approved targets and entitlement decisions required"
R01,B05,"Full hosted scope contract incomplete","supabase/migrations",pending,"Partial SQL coverage","database-regressions.log",planned,"Local implementation remains"
R01/R09,B06,"Need real isolation evidence","tests/test_database.mjs",two_new_migrations,"Synthetic tenant RLS/RPC checks","database-regressions.log",fixture_verified,"Hosted JWT/storage and case-role proof pending"
R05,B07,"Ledger did not verify payloads; global hash dedupe","evidence.py;db.py",local_SQLite_metadata,"tamper/export/cross-case tests","synthetic-evidence.zip",fixture_verified,"Hosted envelope and anchored ledger pending"
R01/R09,B08,"Replay semantics incomplete","employee/service.py;review_decision_replay.sql",review_RPC,"Approval and review replay","verification.json",fixture_verified,"Full scope policy and hosted approval workflow pending"
R03/R10,B09,"Worker partial writes and missing fencing/outbox","cloud_worker.py;supabase/migrations",pending,"Not implemented in checkpoint",none,planned,"Local implementation remains"
R03/R04,B10,"Job and approval retry duplicates","case_bound_job_replay.sql;public/app.js",job_unique_boundary,"Exact/conflicting retry and browser uncertain response","verification.json",fixture_verified,"Cancellation and reload reconciliation pending"
R04,B11,"Admission counters lacked serialization","case_bound_job_replay.sql",advisory_locks,"Saturated admission and replay","database-regressions.log",implemented,"Multi-session races and monetary reservations pending"
R02/R09,B12,"Unbounded redirecting connector transport","intelligence/transport.py;contracts.py;provider.py",none,"Origin/DNS/size/encoding/deadline tests","python-regressions.log",fixture_verified,"RDAP bootstrap and live conformance pending"
R02,B13,"No entitled release-source live proof","intelligence/hub.py",none,"Fixtures only",none,blocked,"Provider entitlements and approved targets required"
R02/R08,B14,"Golden-workflow coverage unaccepted","source activation plan",pending,"Not run",none,planned,"Golden cases and source selection required"
R02,B15,"Missing key errors not durable","intelligence/hub.py",none,"not_configured/no fallback fixture","python-regressions.log",fixture_verified,"Operational alert and live health proof pending"
R02/R12,B16,"Catalog is not source activation evidence","existing candidate register",none,"Existing regression only",none,planned,"Per-source license/entitlement acceptance pending"
R06/R11,B17,"Existing graph requires full workflow and scale proof","public/graph-model.js",none,"24 graph/import regressions","graph-and-target-tests.log",fixture_verified,"No 10k/100k graph benchmark or analyst acceptance"
R06,B18,"Reversible resolution acceptance incomplete","resolution.py",pending,"Existing regressions only",none,planned,"Local implementation and evaluation remain"
R05/R12,B19,"No portable verified envelope export","evidence.py;cli.py;intelligence/hub.py",none,"InternetDB fixture to envelope to verified ZIP","synthetic-evidence.zip",fixture_verified,"Hosted UI integration and signing not done"
R01/R11,B20,"Case roles and conflict behaviour unaccepted","collaboration modules",pending,"Existing regressions only",none,planned,"Full hosted workflow proof required"
R07,B21,"Grounded retrieval not acceptance tested","employee modules",none,"Existing brief fixtures",none,planned,"Golden-case acceptance pending"
R07,B22,"Contract checks are not factual entailment","benchmark.py",none,"8 existing contract fixtures","guardrail-benchmark.json",fixture_verified,"Independent held-out factual evaluation required"
R08,B23,"Media safety/quality release gate unaccepted","media modules",pending,"Existing regressions only",none,planned,"Consented media fixtures and acceptance required"
R07,B24,"Held-out analyst dataset absent","evaluation corpus",none,"Not run",none,blocked,"Independent dataset and adjudication required"
R09/R10,B25,"Load/security/concurrent failures not evaluated","runtime and staging",pending,"Local regressions only",none,planned,"Staging and multi-session harness required"
R10,B26,"Only SQLite restore path tested","operations.py",none,"Nonempty synthetic DB restore","sqlite-restore/restore-drill.json",fixture_verified,"Hosted storage/PITR restore and alerts pending"
R11,B27,"Pilot and matched analyst comparison absent","pilot evidence",none,"Not run",none,blocked,"14-day observation and independent analysts required"
R10/R11,B28,"Hard gates not met","release evidence",none,"No numeric rating assigned",none,blocked,"9/10 and competitor parity not achieved"
